,square_id,center_lat,center_lng,hh_ha,pers_ha,pt_class,pt_dis,station_dis,noise_street
0,sq1-1,47.36033233082708,8.430295187969923,0.0,0.0,3.9565217391304346,562.0300751879699,8531.165413533834,52.3984962406015
1,sq1-2,47.36008085106383,8.434613617021276,1.446808510638298,3.0638297872340425,2.893617021276596,372.1808510638298,8220.904255319148,52.712765957446805
2,sq1-3,47.36183571428571,8.438193571428572,0.0,0.0,3.5,486.25,7911.785714285715,66.07142857142857
3,sq1-4,47.35990219780219,8.445249670329671,8.0,19.076923076923077,3.78021978021978,158.02197802197801,7450.054945054945,55.714285714285715
4,sq1-5,47.3597695652174,8.449631195652175,3.4782608695652173,8.869565217391305,3.0,85.8695652173913,7136.086956521739,62.80434782608695
5,sq1-6,47.3608443902439,8.455127170731707,5.2682926829268295,12.429268292682927,3.053658536585366,174.6341463414634,6704.951219512195,56.37073170731707
6,sq1-7,47.36078333333333,8.459733791666666,22.625,43.833333333333336,3.075,183.60416666666666,6374.520833333333,52.833333333333336
7,sq1-8,47.360851249999996,8.464757291666666,8.158333333333333,18.066666666666666,3.1,162.60416666666666,6011.458333333333,53.95
8,sq1-9,47.3602380116959,8.469433157894736,4.95906432748538,11.812865497076023,3.6666666666666665,160.26315789473685,5701.286549707603,44.292397660818715
9,sq1-10,47.35982571428572,8.474088285714286,4.571428571428571,10.019047619047619,3.3523809523809525,238.14285714285714,5390.333333333333,28.942857142857143
10,sq1-11,47.3589,8.47724,0.0,0.0,3.0,150.0,5210.0,25.0
11,sq1-12,,,,,0.01,,,
12,sq1-13,47.3622,8.49186,0.0,0.0,3.0,410.0,4055.0,34.0
13,sq1-14,47.361385321100926,8.494957706422017,0.5504587155963303,0.8807339449541285,2.9174311926605503,298.6697247706422,3891.376146788991,33.22018348623853
14,sq1-15,47.36064365671642,8.499463059701492,12.432835820895523,23.940298507462686,2.3805970149253732,168.67537313432837,3639.4962686567164,38.809701492537314
15,sq1-16,47.36060333333333,8.504409407407406,27.288888888888888,82.93333333333334,1.1296296296296295,126.70370370370371,3333.3518518518517,50.733333333333334
16,sq1-17,47.36055925925926,8.509372814814814,26.244444444444444,56.162962962962965,1.2444444444444445,141.42592592592592,3040.037037037037,47.77407407407407
17,sq1-18,47.360570863309356,8.51437082733813,23.87769784172662,44.007194244604314,1.5683453237410072,166.81654676258992,2760.3237410071943,48.12589928057554
18,sq1-19,47.36057789473684,8.51930196491228,41.11929824561403,80.32280701754387,1.249122807017544,133.140350877193,2511.8947368421054,55.72982456140351
19,sq1-20,47.36052202797203,8.52427444055944,46.03846153846154,88.9020979020979,1.013986013986014,94.52797202797203,2299.090909090909,64.23076923076923
20,sq1-21,47.360464359861595,8.529282214532872,31.56401384083045,67.29757785467127,1.4844290657439447,142.52595155709344,2132.1626297577855,55.567474048442904
21,sq1-22,47.36044440559441,8.534288461538463,20.706293706293707,45.28321678321678,1.7097902097902098,132.91958041958043,2018.479020979021,57.35664335664335
22,sq1-23,47.36132105263158,8.53703210526316,0.0,0.0,1.4210526315789473,179.73684210526315,1883.421052631579,52.10526315789474
23,sq1-24,47.361318181818184,8.546208181818182,0.6818181818181818,0.9545454545454546,1.7727272727272727,336.8181818181818,1923.1818181818182,52.22727272727273
24,sq1-25,47.36042433333333,8.549331166666667,43.74666666666667,77.18666666666667,1.2166666666666666,184.21666666666667,2088.3166666666666,59.54666666666667
25,sq1-26,47.360371617161725,8.554320396039603,41.72937293729373,74.11881188118812,1.0,155.41254125412541,2246.732673267327,56.198019801980195
26,sq1-27,47.36033717105263,8.559339769736841,33.921052631578945,65.95394736842105,1.1019736842105263,128.58552631578948,2453.8815789473683,54.276315789473685
27,sq1-28,47.360371428571426,8.564308158730158,49.46666666666667,92.87301587301587,1.8412698412698412,149.42857142857142,2688.6666666666665,48.93333333333333
28,sq1-29,47.36032476190475,8.569271492063491,46.78095238095238,91.26031746031747,1.8857142857142857,127.31746031746032,2959.4920634920636,53.96825396825397
29,sq1-30,47.36015945017183,8.574197182130584,7.975945017182131,22.42611683848797,2.0240549828178693,170.65292096219932,3256.8900343642613,52.50515463917526
30,sq1-31,47.360171661237786,8.579150618892507,23.514657980456025,46.351791530944624,2.003257328990228,156.27035830618894,3558.110749185668,49.50814332247557
31,sq1-32,47.359991724137934,8.58419644827586,27.896551724137932,54.43448275862069,1.5344827586206897,144.93103448275863,3889.0,45.08275862068965
32,sq1-33,47.36013797468354,8.589167025316454,37.82911392405063,67.68987341772151,1.4588607594936709,115.31645569620254,4206.882911392405,44.55379746835443
33,sq1-34,47.36013072100313,8.594088369905956,17.768025078369906,36.507836990595614,1.0689655172413792,169.01253918495297,4537.523510971787,49.78369905956113
34,sq1-35,47.360120795107036,8.599049663608563,25.34250764525994,46.6605504587156,1.7584097859327217,153.62385321100916,4876.8960244648315,51.91743119266055
35,sq1-36,47.36030136054423,8.602731904761903,6.91156462585034,12.843537414965986,2.129251700680272,163.843537414966,5123.571428571428,49.98639455782313
36,sq1-37,47.36220909090909,8.608036363636366,0.0,0.0,3.0,410.90909090909093,5420.454545454545,63.36363636363637
37,sq2-1,47.36516319444445,8.42973142361111,0.5,0.9444444444444444,4.0,170.45138888888889,8465.121527777777,54.44097222222222
38,sq2-2,47.36481599999999,8.434610399999999,0.48,0.64,4.0,416.2,8108.8,53.14
39,sq2-3,47.365059523809514,8.440019761904761,0.8571428571428571,1.5238095238095237,4.0,620.1785714285714,7702.083333333333,48.285714285714285
40,sq2-4,47.366279487179476,8.44446935897436,0.6153846153846154,0.6153846153846154,4.0,341.9871794871795,7346.410256410257,48.666666666666664
41,sq2-5,47.36616567164179,8.450415895522388,0.6268656716417911,0.9850746268656716,4.0,303.65671641791045,6907.910447761194,46.95522388059702
42,sq2-6,47.365071074380175,8.455028760330578,0.49586776859504134,0.49586776859504134,3.75,340.78512396694214,6594.628099173554,45.1900826446281
43,sq2-7,47.36477802197802,8.46016054945055,8.706959706959706,17.91941391941392,2.8351648351648353,152.61904761904762,6223.589743589743,58.16483516483517
44,sq2-8,47.365005882352946,8.464997887700534,11.411764705882353,25.585561497326204,2.802139037433155,127.2192513368984,5862.967914438503,48.40909090909091
45,sq2-9,47.36454659685864,8.46857057591623,7.183246073298429,13.115183246073299,3.392670157068063,248.6910994764398,5614.869109947644,36.230366492146594
46,sq2-10,,,,,0.01,,,
47,sq2-11,,,,,0.01,,,
48,sq2-12,47.36721714285714,8.486015142857145,3.4285714285714284,5.714285714285714,2.0,149.0,4265.714285714285,57.0
49,sq2-13,47.36655611510791,8.490059856115108,18.26618705035971,37.0,1.6978417266187051,280.57553956834533,3998.1294964028775,54.273381294964025
50,sq2-14,47.365378666666665,8.494729633333334,17.713333333333335,39.52,1.5766666666666667,142.75,3715.55,44.21333333333333
51,sq2-15,47.36514575757576,8.499535424242424,21.945454545454545,59.46060606060606,1.7727272727272727,194.78787878787878,3394.2727272727275,44.345454545454544
52,sq2-16,47.365100000000005,8.504499303030304,25.303030303030305,76.4060606060606,1.4393939393939394,148.92424242424244,3061.878787878788,54.18787878787879
53,sq2-17,47.36513636363637,8.509486129032258,49.25513196480939,105.48973607038123,1.8357771260997067,136.40762463343108,2734.7653958944284,51.38709677419355
54,sq2-18,47.3651821958457,8.51440293768546,41.54896142433235,102.10682492581603,2.373887240356083,218.63501483679525,2425.252225519288,44.240356083086056
55,sq2-19,47.36518515151515,8.519395393939394,78.78181818181818,149.3212121212121,1.3060606060606061,170.71212121212122,2133.242424242424,55.160606060606064
56,sq2-20,47.365051419558355,8.524315741324921,29.37223974763407,63.981072555205046,1.195583596214511,152.602523659306,1888.596214511041,63.4384858044164
57,sq2-21,47.36509212121212,8.529323121212123,12.76969696969697,30.848484848484848,1.0909090909090908,139.34848484848484,1669.2272727272727,57.527272727272724
58,sq2-22,47.36515655976675,8.534289300291546,25.043731778425656,44.67638483965015,1.0,111.76384839650146,1513.002915451895,61.93877551020408
59,sq2-23,47.36598863636364,8.53899290909091,1.8,2.8181818181818183,1.0,142.36363636363637,1356.9772727272727,59.29545454545455
60,sq2-24,47.365719999999996,8.545067823529411,0.49411764705882355,0.5882352941176471,1.0,142.3235294117647,1430.1470588235295,64.0764705882353
61,sq2-25,47.36513,8.549183060606062,28.466666666666665,46.67272727272727,1.0,108.03030303030303,1600.9848484848485,57.0030303030303
62,sq2-26,47.365103003003,8.554165345345345,52.210210210210214,93.91891891891892,1.12012012012012,139.5795795795796,1796.8468468468468,57.57657657657658
63,sq2-27,47.365146956521734,8.559114144927538,63.2463768115942,119.03768115942029,1.0695652173913044,130.59420289855072,2035.6376811594203,52.80869565217391
64,sq2-28,47.365203927492445,8.564102235649548,50.39577039274924,106.33232628398791,1.0332326283987916,99.33534743202416,2312.084592145015,58.37764350453172
65,sq2-29,47.365117021276596,8.569070303951367,19.19148936170213,41.319148936170215,1.4893617021276595,242.50759878419453,2620.6231003039516,51.52279635258358
66,sq2-30,47.364198245614034,8.573849707602339,6.152046783625731,14.491228070175438,2.087719298245614,217.77777777777777,2977.5438596491226,54.707602339181285
67,sq2-31,47.36514523809522,8.579211904761907,0.4126984126984127,0.8333333333333334,3.3174603174603177,481.3492063492063,3286.3888888888887,35.46825396825397
68,sq2-32,47.36605,8.581725,0.0,0.0,4.0,678.75,3411.25,29.5
69,sq2-33,47.36481354166667,8.58988796875,1.7239583333333333,2.9739583333333335,3.1875,435.4947916666667,4035.4427083333335,35.458333333333336
70,sq2-34,47.364577235772366,8.593986707317072,9.211382113821138,26.914634146341463,2.654471544715447,496.3821138211382,4333.739837398374,43.36178861788618
71,sq2-35,47.36414132231405,8.59852314049587,7.669421487603306,19.33884297520661,2.6198347107438016,369.6280991735537,4672.024793388429,57.68595041322314
72,sq2-36,47.36404125874127,8.603434825174826,0.3356643356643357,1.118881118881119,2.5874125874125875,314.965034965035,5026.468531468531,48.80419580419581
73,sq2-37,47.3629,8.60838,0.0,0.0,3.0,455.0,5420.0,55.0
74,sq3-1,47.36900864197531,8.428645555555557,0.0,0.8888888888888888,4.0,300.0,8483.703703703704,56.53086419753087
75,sq3-2,47.37241666666667,8.433005833333333,0.0,6.0,0.01,653.75,8116.666666666667,38.5
76,sq3-3,,,,,0.01,,,
77,sq3-4,47.36918461538461,8.44542034965035,0.5874125874125874,0.5874125874125874,4.0,236.8881118881119,7224.615384615385,41.40559440559441
78,sq3-5,47.37022409638554,8.449746144578313,12.112449799196787,25.718875502008032,3.682730923694779,148.23293172690762,6886.024096385542,53.8433734939759
79,sq3-6,47.370418,8.454791966666667,10.553333333333333,23.83,3.0766666666666667,155.81666666666666,6505.7,49.68333333333333
80,sq3-7,47.370237689969606,8.459633039513678,6.939209726443769,17.237082066869302,2.9027355623100304,188.51063829787233,6146.565349544073,48.75075987841945
81,sq3-8,47.36899,8.463258875,1.1375,2.7,2.0,102.9375,5896.1875,63.7125
82,sq3-9,47.37104,8.470247538461537,0.0,0.0,3.9384615384615387,593.5384615384615,5338.538461538462,70.03076923076924
83,sq3-10,,,,,0.01,,,
84,sq3-11,47.37066065573771,8.481357704918032,1.1147540983606556,1.8360655737704918,2.1475409836065573,330.24590163934425,4521.475409836065,58.22950819672131
85,sq3-12,47.370279268292684,8.484630762195122,14.548780487804878,31.40548780487805,1.8445121951219512,194.84756097560975,4286.280487804878,54.55792682926829
86,sq3-13,47.370187009063436,8.489607190332327,43.94561933534743,81.47129909365559,1.338368580060423,148.29305135951662,3921.8882175226586,55.299093655589125
87,sq3-14,47.37015838323354,8.494608502994012,67.59281437125749,125.67065868263474,1.1766467065868262,135.5239520958084,3555.9131736526947,53.55988023952096
88,sq3-15,47.370097583081574,8.499611027190333,61.14501510574018,115.73716012084593,1.2326283987915407,209.18429003021149,3193.7009063444107,52.38670694864048
89,sq3-16,47.370149709302325,8.50460523255814,47.76453488372093,90.5813953488372,1.0087209302325582,126.00290697674419,2832.5,56.093023255813954
90,sq3-17,47.37019670658682,8.509544520958084,84.83832335329342,156.5688622754491,1.0449101796407185,141.72155688622755,2479.5508982035926,55.18562874251497
91,sq3-18,47.370178787878785,8.514531303030303,108.46060606060605,195.66666666666666,1.0272727272727273,137.57575757575756,2133.151515151515,55.61818181818182
92,sq3-19,47.370134848484845,8.519495666666668,98.21212121212122,179.37272727272727,1.003030303030303,164.96969696969697,1802.621212121212,61.69090909090909
93,sq3-20,47.37012215384616,8.524439323076923,64.4,144.48615384615385,1.2184615384615385,183.46153846153845,1491.1692307692308,63.723076923076924
94,sq3-21,47.370151304347836,8.529426666666666,32.05507246376811,72.28405797101449,1.4086956521739131,202.08695652173913,1210.1304347826087,63.18550724637681
95,sq3-22,47.37021057401812,8.534386132930512,7.253776435045317,15.051359516616314,1.0151057401812689,109.09365558912387,990.0453172205438,61.35045317220544
96,sq3-23,47.37016878787879,8.539357424242425,14.218181818181819,22.484848484848484,1.0,124.36363636363636,893.6818181818181,53.38484848484848
97,sq3-24,47.37012424242424,8.544321848484849,44.71515151515152,73.2969696969697,1.0,127.24242424242425,949.8787878787879,50.03030303030303
98,sq3-25,47.37010419161677,8.54930865269461,14.835329341317365,25.736526946107784,1.0,128.05389221556885,1134.7155688622754,59.42215568862275
99,sq3-26,47.370162573099414,8.554235847953215,40.62280701754386,79.5,1.0701754385964912,164.89766081871346,1389.312865497076,53.09356725146199
100,sq3-27,47.37020484848484,8.559219393939394,37.08181818181818,75.03939393939395,1.3606060606060606,208.27272727272728,1691.530303030303,51.86969696969697
101,sq3-28,47.370156060606064,8.564183787878788,27.651515151515152,60.00909090909091,1.7,126.03030303030303,2021.7121212121212,56.15151515151515
102,sq3-29,47.37010818181819,8.569148,4.433333333333334,12.157575757575758,2.893939393939394,292.93939393939394,2365.5454545454545,53.57575757575758
103,sq3-30,47.37057025641026,8.573566512820511,0.7846153846153846,1.4974358974358974,3.7948717948717947,324.43589743589746,2661.358974358974,42.85641025641026
104,sq3-31,47.3693323943662,8.579444225352113,0.38028169014084506,0.38028169014084506,2.563380281690141,581.056338028169,3122.8169014084506,34.49295774647887
105,sq3-32,,,,,0.01,,,
106,sq3-33,47.37181020408163,8.588654285714286,0.0,0.0,2.0,1079.2857142857142,3725.918367346939,40.46938775510204
107,sq3-34,,,,,0.01,,,
108,sq3-35,47.369417647058825,8.599294705882352,0.0,0.0,2.0,932.0588235294117,4565.882352941177,48.1764705882353
109,sq3-36,,,,,0.01,,,
110,sq3-37,,,,,0.01,,,
111,sq4-1,47.375508426966285,8.430266235955058,0.06741573033707865,0.5393258426966292,3.701388888888889,479.60674157303373,8304.775280898877,42.050561797752806
112,sq4-2,47.37503622047244,8.435042913385825,0.5511811023622047,1.3858267716535433,3.92,668.2283464566929,7946.692913385827,39.889763779527556
113,sq4-3,47.37625714285714,8.439914523809525,0.7142857142857143,0.9523809523809523,4.0,562.5,7573.690476190476,35.833333333333336
114,sq4-4,47.37530330578513,8.445228429752065,10.330578512396695,23.58677685950413,4.0,212.27272727272728,7177.190082644628,46.8099173553719
115,sq4-5,47.374721908127206,8.449567597173145,13.229681978798586,30.431095406360424,3.9963636363636366,137.20848056537102,6853.303886925795,49.169611307420496
116,sq4-6,47.37411657754011,8.454704919786096,7.112299465240642,17.74866310160428,3.859154929577465,332.379679144385,6469.411764705882,42.76470588235294
117,sq4-7,47.37367807017544,8.459152982456141,4.4035087719298245,12.605263157894736,4.0,475.43859649122805,6137.763157894737,37.85964912280702
118,sq4-8,47.37456538461539,8.463728076923077,0.0,0.0,4.0,695.3846153846154,5785.384615384615,33.23076923076923
119,sq4-9,,,,,0.01,,,
120,sq4-10,47.375195999999995,8.476469400000001,0.0,0.0,3.0,637.8,4822.4,57.1
121,sq4-11,47.37517774086379,8.479575348837209,8.79734219269103,20.26578073089701,2.1362126245847177,413.03986710963454,4589.036544850498,52.49169435215947
122,sq4-12,47.37514693251533,8.484528680981596,49.012269938650306,97.06748466257669,1.0030674846625767,147.6073619631902,4216.733128834356,57.282208588957054
123,sq4-13,47.37513454545454,8.489471666666667,52.68484848484849,99.76969696969697,1.1242424242424243,164.96969696969697,3845.3939393939395,55.375757575757575
124,sq4-14,47.375086060606066,8.494436484848485,52.127272727272725,103.5030303030303,1.1363636363636365,159.62121212121212,3472.7727272727275,54.25151515151515
125,sq4-15,47.37504181818182,8.499401272727273,54.39393939393939,99.76969696969697,1.0333333333333334,135.87878787878788,3100.848484848485,60.21515151515152
126,sq4-16,47.37505670103093,8.50421591065292,28.3573883161512,51.58419243986254,1.0618556701030928,175.4295532646048,2740.0,56.78350515463917
127,sq4-17,47.37520107526881,8.509616129032258,29.096774193548388,50.22222222222222,1.4229390681003584,157.38351254480287,2335.4121863799282,54.44444444444444
128,sq4-18,47.37512567975831,8.514383141993958,120.14803625377644,223.41087613293053,1.0725075528700907,119.06344410876133,1981.2386706948641,57.78851963746224
129,sq4-19,47.37507387387387,8.519378228228227,89.26126126126127,160.21621621621622,1.0,140.46546546546546,1613.4084084084084,60.72372372372372
130,sq4-20,47.37503564954683,8.524372839879154,78.3262839879154,145.98187311178248,1.0,103.73111782477342,1250.7401812688822,60.16012084592145
131,sq4-21,47.37510062695925,8.5293702507837,62.93730407523511,115.3385579937304,1.0689655172413792,156.9435736677116,894.4514106583072,59.106583072100314
132,sq4-22,47.37517027027027,8.534381741741742,7.36936936936937,13.57957957957958,1.0,128.9189189189189,566.6066066066066,61.246246246246244
133,sq4-23,47.37512205438066,8.539376827794563,10.712990936555892,17.25679758308157,1.0,106.69184290030212,361.3595166163142,59.833836858006045
134,sq4-24,47.37508378378379,8.5443712012012,46.34234234234234,77.86186186186187,1.0,105.0,481.5165165165165,59.48048048048048
135,sq4-25,47.37505932721713,8.549344434250765,1.275229357798165,6.837920489296636,1.0,125.07645259938838,784.5871559633027,57.59327217125382
136,sq4-26,47.375130218068534,8.55437492211838,22.15576323987539,49.4392523364486,1.074766355140187,155.34267912772586,1130.7009345794393,57.638629283489095
137,sq4-27,47.375150303030296,8.559323424242423,22.933333333333334,49.10909090909091,1.3060606060606061,165.5,1489.1818181818182,55.587878787878786
138,sq4-28,47.37510242424243,8.564288242424242,19.43030303030303,46.472727272727276,1.8606060606060606,141.63636363636363,1855.969696969697,49.40909090909091
139,sq4-29,47.37507705479452,8.5691175,7.2534246575342465,16.554794520547944,2.9006849315068495,183.88698630136986,2215.3082191780823,59.03082191780822
140,sq4-30,47.37465676855895,8.574254890829694,2.314410480349345,2.646288209606987,3.8471615720524017,183.27510917030568,2604.279475982533,47.03056768558952
141,sq4-31,47.37548333333333,8.578941587301584,0.3492063492063492,0.4126984126984127,2.5555555555555554,389.484126984127,2940.9523809523807,45.53968253968254
142,sq4-32,47.37502136752137,8.583204444444444,1.9658119658119657,2.9914529914529915,2.0,661.4102564102565,3266.068376068376,48.26495726495727
143,sq4-33,47.3737475409836,8.590298524590164,0.7868852459016393,0.7868852459016393,2.0,1082.377049180328,3814.2622950819673,56.14754098360656
144,sq4-34,47.3750074074074,8.592915555555557,0.0,0.0,2.0,886.6666666666666,4001.1111111111113,49.44444444444444
145,sq4-35,,,,,0.01,,,
146,sq4-36,47.3767375,8.60546267857143,2.357142857142857,3.857142857142857,2.0,806.875,4932.053571428572,46.55357142857143
147,sq4-37,47.37577159763313,8.608513372781065,7.124260355029586,21.514792899408285,2.0,1049.1420118343194,5166.449704142012,53.49704142011834
148,sq5-1,47.37994493670886,8.429907911392407,21.354430379746834,40.43037974683544,2.199367088607595,147.35759493670886,8330.522151898735,41.72784810126582
149,sq5-2,47.37922696629213,8.433813370786517,0.8089887640449438,1.0786516853932584,2.707865168539326,308.9887640449438,8033.988764044944,40.39325842696629
150,sq5-3,47.37873617021277,8.439424680851063,0.0,0.0,4.0,650.3191489361702,7609.574468085107,34.276595744680854
151,sq5-4,47.38013333333333,8.444645641025641,0.0,0.0,0.01,499.1025641025641,7217.307692307692,48.23076923076923
152,sq5-5,,,,,0.01,,,
153,sq5-6,,,,,0.01,,,
154,sq5-7,,,,,0.01,,,
155,sq5-8,,,,,0.01,,,
156,sq5-9,47.38223333333334,8.471843333333334,0.0,6.666666666666667,2.1666666666666665,202.5,5179.166666666667,37.666666666666664
157,sq5-10,47.38145339805826,8.475182718446602,1.1941747572815533,2.621359223300971,2.0485436893203883,194.51456310679612,4921.26213592233,35.66990291262136
158,sq5-11,47.38006607142857,8.479688779761904,15.845238095238095,33.70238095238095,1.5148809523809523,288.6904761904762,4574.940476190476,40.580357142857146
159,sq5-12,47.380094610778436,8.484581497005987,36.35329341317365,75.07784431137725,1.0119760479041917,177.81437125748502,4205.958083832335,51.137724550898206
160,sq5-13,47.38007787878788,8.489569242424242,15.993939393939394,38.04848484848485,1.8757575757575757,190.4090909090909,3830.060606060606,48.71818181818182
161,sq5-14,47.38003575757576,8.494534545454545,30.1030303030303,62.7030303030303,1.9515151515151514,120.1969696969697,3455.742424242424,55.1030303030303
162,sq5-15,47.37998666666667,8.499499757575757,38.6,80.56969696969696,1.6272727272727272,213.5151515151515,3081.560606060606,55.73030303030303
163,sq5-16,47.38005391304348,8.504467246376812,50.77101449275362,100.02898550724638,1.6869565217391305,173.52173913043478,2708.855072463768,56.518840579710144
164,sq5-17,47.3800996996997,8.509416486486487,78.75675675675676,151.39939939939939,1.3033033033033032,201.12612612612614,2337.327327327327,55.8978978978979
165,sq5-18,47.38007393939394,8.514400030303031,81.53636363636363,175.1818181818182,1.0666666666666667,202.22727272727272,1963.4545454545455,57.33030303030303
166,sq5-19,47.38003030303032,8.519365181818182,62.43333333333333,120.4969696969697,1.009090909090909,170.4090909090909,1592.1060606060605,55.412121212121214
167,sq5-20,47.37999668674699,8.524343795180721,61.39156626506024,125.144578313253,1.1385542168674698,184.30722891566265,1222.1686746987953,54.96686746987952
168,sq5-21,47.38004898550724,8.529298057971015,59.56521739130435,112.26666666666667,1.153623188405797,110.8695652173913,862.5217391304348,56.19130434782609
169,sq5-22,47.380114848484844,8.534265606060606,30.533333333333335,55.266666666666666,1.112121212121212,169.86363636363637,518.6363636363636,46.70909090909091
170,sq5-23,47.380035736677115,8.539223103448276,5.905956112852665,10.38871473354232,1.0,133.4639498432602,261.1442006269593,54.5987460815047
171,sq5-24,47.3800196969697,8.544196060606058,40.97575757575758,75.28484848484848,1.0,115.45454545454545,394.1666666666667,64.06060606060606
172,sq5-25,47.38001488095238,8.549188898809524,40.25,85.77380952380952,1.0,141.54761904761904,726.2946428571429,52.625
173,sq5-26,47.38005364431486,8.554123411078718,33.5801749271137,75.81049562682216,1.533527696793003,121.57434402332362,1084.0379008746356,57.95043731778426
174,sq5-27,47.38008408408408,8.55914981981982,24.726726726726728,55.81981981981982,1.2072072072072073,165.25525525525526,1455.015015015015,58.85585585585586
175,sq5-28,47.38004743202417,8.564144743202418,12.498489425981873,28.580060422960724,1.9214501510574018,124.19939577039275,1826.6767371601209,54.323262839879156
176,sq5-29,47.37991339563863,8.569145638629283,8.040498442367602,19.34890965732087,2.059190031152648,124.7196261682243,2199.2367601246106,56.006230529595015
177,sq5-30,47.380604205607476,8.573521775700936,0.5747663551401869,1.3925233644859814,2.317757009345794,181.05140186915887,2535.0467289719627,54.705607476635514
178,sq5-31,47.37984358974358,8.578729829059828,0.41025641025641024,0.41025641025641024,3.8376068376068377,195.34188034188034,2920.2136752136753,55.85470085470085
179,sq5-32,47.381654000000005,8.5844376,0.0,0.0,3.24,276.0,3363.7,55.98
180,sq5-33,47.381189130434805,8.588204673913044,1.076086956521739,1.4891304347826086,2.9782608695652173,287.82608695652175,3641.413043478261,41.141304347826086
181,sq5-34,47.380520869565224,8.594376,6.98695652173913,19.208695652173912,2.6695652173913045,357.5217391304348,4101.586956521739,43.77391304347826
182,sq5-35,47.380638314176245,8.598958735632184,9.559386973180077,24.74712643678161,3.5019157088122603,215.727969348659,4446.83908045977,45.54022988505747
183,sq5-36,47.37975063291139,8.603670548523205,6.160337552742616,16.354430379746834,2.0759493670886076,499.6835443037975,4797.995780590717,42.25316455696203
184,sq5-37,47.37872195121951,8.607420487804877,10.048780487804878,24.878048780487806,2.0,791.4634146341464,5078.658536585366,40.390243902439025
185,sq6-1,47.38513717105263,8.429882269736844,17.06578947368421,38.43421052631579,3.2565789473684212,376.8256578947368,8364.736842105263,46.33223684210526
186,sq6-2,47.385508461538464,8.434496807692309,4.819230769230769,12.3,3.5153846153846153,488.34615384615387,8021.634615384615,41.18846153846154
187,sq6-3,47.386849999999995,8.437384999999999,0.0,0.0,3.5,477.5,7820.0,31.5
188,sq6-4,,,,,0.01,,,
189,sq6-5,,,,,0.01,,,
190,sq6-6,,,,,0.01,,,
191,sq6-7,,,,,0.01,,,
192,sq6-8,47.385327027027024,8.466629459459458,0.0,0.0,2.324324324324324,473.1081081081081,5610.135135135135,36.45945945945946
193,sq6-9,47.38546483050848,8.46985652542373,3.135593220338983,7.88135593220339,1.5,267.18220338983053,5372.266949152542,40.58898305084746
194,sq6-10,47.38506264705882,8.474725705882353,33.370588235294115,67.65,1.1088235294117648,120.20588235294117,5002.838235294118,49.32058823529412
195,sq6-11,47.385137724550894,8.479689101796406,53.224550898203596,104.062874251497,1.188622754491018,203.99700598802394,4634.251497005988,53.278443113772454
196,sq6-12,47.385076132930514,8.484693141993958,53.75226586102719,101.93957703927492,1.0332326283987916,169.74320241691842,4261.07250755287,57.740181268882175
197,sq6-13,47.38502636363637,8.489666696969696,44.07878787878788,84.87878787878788,1.612121212121212,200.3030303030303,3891.6060606060605,53.878787878787875
198,sq6-14,47.38499427710843,8.494645873493976,25.49397590361446,54.28915662650602,1.0783132530120483,149.65361445783134,3523.1927710843374,54.286144578313255
199,sq6-15,47.3850484057971,8.499600463768116,54.733333333333334,104.58840579710144,1.7942028985507246,141.44927536231884,3161.159420289855,52.55072463768116
200,sq6-16,47.38511424242424,8.504568484848484,6.387878787878788,14.478787878787879,2.018181818181818,192.34848484848484,2800.8030303030305,51.86060606060606
201,sq6-17,47.38505749235474,8.50951373088685,42.452599388379205,81.85321100917432,1.7675840978593271,178.57798165137615,2442.874617737003,56.14067278287462
202,sq6-18,47.38501300309598,8.51452120743034,21.408668730650156,39.78947368421053,1.0,180.10835913312692,2086.2693498452013,56.1702786377709
203,sq6-19,47.385021276595744,8.519487689969605,4.045592705167174,11.25835866261398,1.0,184.16413373860183,1744.3920972644378,58.07598784194529
204,sq6-20,47.38505685131196,8.524421341107871,52.670553935860056,111.92419825072886,1.4402332361516035,311.10787172011663,1422.9737609329445,46.14868804664723
205,sq6-21,47.38510818181818,8.529401636363637,101.6969696969697,200.65454545454546,1.084848484848485,144.4090909090909,1130.0151515151515,57.36666666666667
206,sq6-22,47.38505939393939,8.534367333333334,12.787878787878787,24.721212121212123,1.0606060606060606,177.45454545454547,891.9848484848485,63.75151515151515
207,sq6-23,47.385013030303035,8.539333090909091,32.4,63.78787878787879,1.003030303030303,153.1060606060606,772.1818181818181,61.46060606060606
208,sq6-24,47.38501602373888,8.544327299703264,68.78041543026706,132.73293768545994,1.0,130.28189910979228,831.6617210682492,56.53412462908012
209,sq6-25,47.38507581120944,8.549241238938052,48.43362831858407,93.10619469026548,1.0029498525073746,96.84365781710915,1036.843657817109,56.7905604719764
210,sq6-26,47.38509424242424,8.554234818181818,24.493939393939392,53.306060606060605,2.2818181818181817,153.3030303030303,1318.3030303030303,60.160606060606064
211,sq6-27,47.384998761609914,8.559156439628483,10.386996904024768,22.73374613003096,3.0897832817337463,176.26934984520125,1627.3374613003095,49.1702786377709
212,sq6-28,47.38399041095891,8.563346575342464,2.904109589041096,5.890410958904109,3.0684931506849313,160.54794520547946,1867.5684931506848,46.657534246575345
213,sq6-29,47.38479363636363,8.569538181818183,0.0,0.0,3.118181818181818,374.3181818181818,2339.2727272727275,40.09090909090909
214,sq6-30,47.3850498470948,8.57412385321101,5.761467889908257,12.18348623853211,3.2079510703363914,253.65443425076452,2677.354740061162,40.85932721712538
215,sq6-31,47.38505894039736,8.577940397350993,2.781456953642384,6.993377483443709,3.827814569536424,161.39072847682118,2953.6423841059604,39.58940397350993
216,sq6-32,47.38346947368421,8.58469,3.789473684210526,9.263157894736842,3.7473684210526317,207.6315789473684,3410.684210526316,48.410526315789475
217,sq6-33,47.38348214285715,8.588222261904763,6.488095238095238,13.988095238095237,3.8095238095238093,115.83333333333333,3674.285714285714,56.29761904761905
218,sq6-34,47.38460449438202,8.59416861423221,8.389513108614231,22.95880149812734,2.337078651685393,360.2996254681648,4139.456928838951,46.68913857677903
219,sq6-35,47.384431531531526,8.598541936936938,11.68018018018018,32.148648648648646,3.963963963963964,157.5,4461.554054054054,50.91891891891892
220,sq6-36,47.38487000000001,8.602347599999998,0.0,0.0,3.8,282.5,4756.0,45.76
221,sq6-37,47.384934408602156,8.609210322580644,0.0,0.0,2.3870967741935485,690.5913978494624,5265.537634408603,54.666666666666664
222,sq7-1,47.39001254125413,8.429963498349835,24.17161716171617,47.504950495049506,2.943894389438944,236.98019801980197,8425.85808580858,55.83168316831683
223,sq7-2,47.39007811447812,8.43463686868687,5.572390572390573,13.228956228956228,2.1683501683501682,183.73737373737373,8078.838383838384,52.282828282828284
224,sq7-3,47.39182816901408,8.439526901408453,3.084507042253521,7.436619718309859,2.8309859154929575,275.28169014084506,7749.507042253521,61.436619718309856
225,sq7-4,47.39196987951806,8.444799036144577,16.301204819277107,42.0722891566265,4.0,392.5301204819277,7362.650602409639,47.51807228915663
226,sq7-5,47.39145212765956,8.449340531914892,0.0,0.0,4.0,578.0851063829788,7015.106382978724,58.840425531914896
227,sq7-6,47.390821153846154,8.454507884615385,0.0,0.0,4.0,786.25,6619.278846153846,42.15384615384615
228,sq7-7,47.39200000000002,8.460086296296296,0.6666666666666666,1.5555555555555556,3.8333333333333335,610.4629629629629,6238.518518518518,38.870370370370374
229,sq7-8,47.39039377777778,8.464831111111112,3.057777777777778,6.222222222222222,2.24,361.55555555555554,5849.577777777778,36.48
230,sq7-9,47.390049999999995,8.469559563953487,41.7906976744186,83.94186046511628,1.244186046511628,119.34593023255815,5494.7238372093025,48.91279069767442
231,sq7-10,47.3901106060606,8.474534515151516,50.472727272727276,105.78181818181818,1.403030303030303,140.93939393939394,5132.69696969697,53.76060606060606
232,sq7-11,47.390062727272735,8.479500818181819,63.2969696969697,128.21818181818182,1.2181818181818183,173.13636363636363,4770.272727272727,56.833333333333336
233,sq7-12,47.390007228915664,8.484482771084336,60.39156626506024,114.40361445783132,1.0451807228915662,101.29518072289157,4408.358433734939,57.26204819277108
234,sq7-13,47.389944036697244,8.489440764525993,54.51681957186544,111.5474006116208,1.003058103975535,91.52905198776759,4050.5351681957186,60.015290519877674
235,sq7-14,47.389763475177304,8.494424326241134,19.9645390070922,39.719858156028366,1.400709219858156,148.52836879432624,3689.9645390070923,58.54255319148936
236,sq7-15,47.39008865248227,8.499584574468084,0.3723404255319149,2.1879432624113475,2.0,161.54255319148936,3342.3936170212764,51.5354609929078
237,sq7-16,47.39018054607509,8.50446518771331,0.2593856655290102,0.4300341296928328,2.0648464163822524,171.48464163822527,3012.0136518771333,49.9419795221843
238,sq7-17,47.39001531531532,8.509460570570571,8.861861861861861,17.18918918918919,2.021021021021021,176.6216216216216,2670.4804804804803,56.47747747747748
239,sq7-18,47.390006547619045,8.514479404761905,5.443452380952381,9.467261904761905,1.6666666666666667,155.04464285714286,2349.2113095238096,58.669642857142854
240,sq7-19,47.390070930232554,8.519423575581396,12.380813953488373,26.47093023255814,1.188953488372093,146.3081395348837,2056.046511627907,57.92151162790697
241,sq7-20,47.39010392749244,8.524438761329305,41.383685800604226,79.08761329305136,1.012084592145015,148.50453172205437,1786.2235649546828,63.29305135951662
242,sq7-21,47.39006666666667,8.529434624624624,52.693693693693696,92.51351351351352,1.2132132132132132,178.2882882882883,1557.0570570570571,59.43543543543544
243,sq7-22,47.39001957831325,8.534438403614459,75.84939759036145,139.13253012048193,1.0542168674698795,87.03313253012048,1391.8222891566265,58.28313253012048
244,sq7-23,47.390025368731564,8.53944825958702,77.67846607669617,147.38643067846607,1.0,112.94985250737463,1324.7492625368732,59.023598820059
245,sq7-24,47.39008495575221,8.544369646017698,46.6283185840708,103.40707964601769,1.0,121.82890855457227,1366.41592920354,56.51622418879056
246,sq7-25,47.39008727272728,8.549372242424242,26.933333333333334,60.375757575757575,1.4242424242424243,118.33333333333333,1500.7272727272727,54.906060606060606
247,sq7-26,47.38923533333333,8.553458333333333,5.466666666666667,12.906666666666666,2.6,154.03333333333333,1594.2666666666667,55.946666666666665
248,sq7-27,47.387986666666656,8.558048000000001,0.0,0.0,3.5,237.16666666666666,1736.1666666666667,39.4
249,sq7-28,47.38920769230769,8.56288,0.0,0.0,2.0,563.8461538461538,2109.230769230769,27.76923076923077
250,sq7-29,,,,,0.01,,,
251,sq7-30,47.38848977272726,8.574282954545454,0.5454545454545454,0.5454545454545454,2.2954545454545454,490.7386363636364,2818.75,30.977272727272727
252,sq7-31,,,,,0.01,,,
253,sq7-32,,,,,0.01,,,
254,sq7-33,47.39156481481481,8.589779444444446,0.5555555555555556,0.6296296296296297,3.537037037037037,579.9074074074074,4032.037037037037,37.98148148148148
255,sq7-34,47.390685185185184,8.594322777777776,0.8333333333333334,1.5,3.25,261.6666666666667,4320.0,52.5
256,sq7-35,47.39057733333333,8.5988294,1.12,1.8666666666666667,2.986666666666667,224.53333333333333,4637.866666666667,64.14
257,sq7-36,47.389891304347834,8.603343913043478,0.0,0.0,3.0434782608695654,391.30434782608694,4946.521739130435,49.17391304347826
258,sq7-37,47.391368932038844,8.60908718446602,13.048543689320388,30.796116504854368,2.436893203883495,338.88349514563106,5405.9708737864075,44.53398058252427
259,sq8-1,47.39501836065575,8.43006993442623,27.57049180327869,73.26885245901639,2.6655737704918034,181.95081967213116,8522.426229508197,53.19672131147541
260,sq8-2,47.394962917933135,8.43489583586626,32.19756838905775,75.2917933130699,2.5531914893617023,173.89057750759878,8166.170212765957,56.349544072948326
261,sq8-3,47.39496594427244,8.439827554179567,39.94117647058823,88.91640866873065,2.303405572755418,125.41795665634675,7804.117647058823,55.21052631578947
262,sq8-4,47.39502492211838,8.444852866043615,35.89719626168224,70.70404984423676,2.707165109034268,209.9688473520249,7438.146417445483,54.33644859813084
263,sq8-5,47.3950791411043,8.449771134969325,28.5920245398773,63.99079754601227,2.6809815950920246,245.38343558282207,7081.150306748466,51.75766871165644
264,sq8-6,47.39531328671329,8.454743496503495,11.118881118881118,23.643356643356643,2.895104895104895,361.3111888111888,6726.958041958042,44.81468531468531
265,sq8-7,47.39505067114094,8.459629194630873,14.926174496644295,32.76510067114094,2.6711409395973154,311.6442953020134,6366.023489932886,47.08389261744966
266,sq8-8,47.39524748603352,8.465094301675977,17.977653631284916,47.20670391061452,2.2262569832402233,228.50558659217876,5979.67877094972,52.410614525139664
267,sq8-9,47.394988797814214,8.469443852459017,10.068306010928962,22.688524590163933,2.1065573770491803,139.30327868852459,5659.713114754099,52.08469945355191
268,sq8-10,47.39494290322581,8.474730096774193,8.258064516129032,17.84516129032258,2.390322580645161,180.6451612903226,5283.209677419355,59.61290322580645
269,sq8-11,47.39501303030303,8.479597484848485,5.763636363636364,13.018181818181818,1.793939393939394,250.83333333333334,4944.136363636364,60.124242424242425
270,sq8-12,47.39496363636364,8.484564121212122,20.006060606060608,51.07878787878788,1.0666666666666667,120.1969696969697,4597.393939393939,61.41818181818182
271,sq8-13,47.394998107255525,8.489445583596215,36.5615141955836,94.01892744479495,1.1545741324921135,147.25552050473186,4264.984227129337,62.429022082018925
272,sq8-14,47.3952762295082,8.494353360655738,8.778688524590164,18.983606557377048,1.2254098360655739,187.64344262295083,3950.6967213114754,64.85245901639344
273,sq8-15,47.394906172839505,8.499383888888891,3.259259259259259,14.314814814814815,1.9135802469135803,181.79012345679013,3602.1913580246915,61.95679012345679
274,sq8-16,47.39505344262295,8.504563081967213,21.750819672131147,45.90491803278689,1.9475409836065574,158.88524590163934,3282.7704918032787,59.98360655737705
275,sq8-17,47.394962121212124,8.509401969696968,31.354545454545455,65.76666666666667,2.0,113.98484848484848,2984.742424242424,59.948484848484846
276,sq8-18,47.39495569230769,8.514343815384615,39.526153846153846,82.75076923076924,2.0,127.18461538461538,2702.9692307692308,61.89846153846154
277,sq8-19,47.39502741433021,8.519366230529595,51.81619937694704,99.9221183800623,1.9314641744548287,129.20560747663552,2450.0,60.258566978193144
278,sq8-20,47.39504939393939,8.524306363636363,71.55757575757576,128.4181818181818,1.1757575757575758,160.3181818181818,2230.8030303030305,60.64848484848485
279,sq8-21,47.395003333333335,8.529273000000002,80.56363636363636,150.6848484848485,1.1727272727272726,125.39393939393939,2048.242424242424,61.68181818181818
280,sq8-22,47.39495575757576,8.534239636363635,58.30909090909091,114.26060606060607,1.0121212121212122,134.5909090909091,1923.0151515151515,57.7969696969697
281,sq8-23,47.3949698757764,8.539178695652174,64.14906832298136,127.43788819875776,1.0,144.3167701863354,1873.245341614907,55.13664596273292
282,sq8-24,47.39500495356037,8.544222167182662,39.43653250773994,81.59752321981424,1.0,114.76780185758514,1899.938080495356,56.297213622291025
283,sq8-25,47.395032930513594,8.549182145015108,5.918429003021148,14.643504531722055,1.7069486404833838,206.8882175226586,1997.6283987915408,49.25679758308157
284,sq8-26,47.39558941176471,8.553182176470589,5.729411764705882,11.505882352941176,3.0176470588235293,440.7352941176471,2172.5588235294117,42.94705882352941
285,sq8-27,,,,,0.01,,,
286,sq8-28,,,,,0.01,,,
287,sq8-29,,,,,0.01,,,
288,sq8-30,47.3974,8.573205000000002,0.0,0.0,4.0,685.0,3282.5,41.5
289,sq8-31,47.39699166666667,8.580815,0.0,0.0,3.75,517.0833333333334,3713.75,35.75
290,sq8-32,47.39585164835165,8.58449901098901,2.4615384615384617,5.318681318681318,3.5054945054945055,507.3076923076923,3884.6703296703295,39.032967032967036
291,sq8-33,47.395027485380126,8.589026374269006,3.0350877192982457,6.628654970760234,2.8859649122807016,429.1374269005848,4138.494152046784,40.900584795321635
292,sq8-34,47.395081818181815,8.594112818181818,9.06060606060606,24.215151515151515,1.6424242424242423,289.8030303030303,4486.515151515152,50.89090909090909
293,sq8-35,47.39519425675676,8.599224560810812,1.1486486486486487,2.554054054054054,1.1317567567567568,175.35472972972974,4844.0878378378375,53.7195945945946
294,sq8-36,47.395229896907225,8.604078041237113,13.814432989690722,30.65979381443299,1.0446735395189004,135.06872852233678,5184.312714776633,57.934707903780065
295,sq8-37,47.39498695652174,8.608736775362319,52.0,114.1376811594203,1.4565217391304348,179.3840579710145,5503.985507246377,53.858695652173914
296,sq9-1,47.39989798657719,8.430106409395973,2.0201342281879193,5.671140939597316,3.359060402684564,389.27852348993287,8655.151006711409,49.68120805369127
297,sq9-2,47.399893957703924,8.434854864048338,1.9939577039274925,6.803625377643504,3.302114803625378,349.9093655589124,8311.359516616314,52.27794561933535
298,sq9-3,47.399887234042545,8.43981990881459,23.699088145896656,66.85410334346504,3.0395136778115504,396.838905775076,7953.404255319149,54.1580547112462
299,sq9-4,47.39998333333333,8.444796491228072,15.73391812865497,31.68713450292398,2.3947368421052633,232.2953216374269,7599.6783625731,53.83625730994152
300,sq9-5,47.400002114803634,8.449818882175226,37.87009063444109,79.98489425981873,2.2779456193353473,156.93353474320242,7242.02416918429,56.65256797583081
301,sq9-6,47.39997147147148,8.454815525525525,14.585585585585585,32.18318318318318,2.3123123123123124,136.5165165165165,6886.576576576576,52.414414414414416
302,sq9-7,47.39991873111783,8.45981329305136,3.9123867069486407,9.477341389728096,2.5468277945619335,209.7583081570997,6532.7643504531725,55.79154078549849
303,sq9-8,47.39991616628175,8.465062401847575,1.1454965357967668,2.7136258660508084,3.1778290993071594,219.6997690531178,6166.778290993072,54.91916859122402
304,sq9-9,47.39998140243902,8.469764634146342,0.24390243902439024,0.43902439024390244,3.4603658536585367,364.3140243902439,5844.588414634146,61.701219512195124
305,sq9-10,47.4000094224924,8.4747241337386,0.0,0.0,3.513677811550152,218.87537993920972,5507.613981762918,66.38601823708207
306,sq9-11,47.399957575757576,8.479694030303031,0.41818181818181815,3.878787878787879,2.3515151515151516,280.2878787878788,5170.924242424242,57.336363636363636
307,sq9-12,47.39989314641744,8.484642211838006,3.308411214953271,7.4766355140186915,1.4485981308411215,235.52959501557632,4840.591900311527,45.414330218068535
308,sq9-13,47.39991071428571,8.489655803571429,20.571428571428573,44.24702380952381,1.1666666666666667,191.63690476190476,4518.0952380952385,48.95238095238095
309,sq9-14,47.3999651026393,8.49457697947214,23.516129032258064,46.68035190615836,1.0,116.89149560117302,4213.07917888563,57.7008797653959
310,sq9-15,47.40000972644377,8.499568237082068,29.209726443768997,59.39209726443769,1.2249240121580547,194.0273556231003,3914.240121580547,56.255319148936174
311,sq9-16,47.39995545454546,8.504534181818181,31.115151515151513,63.7030303030303,1.0303030303030303,152.72727272727272,3623.378787878788,55.836363636363636
312,sq9-17,47.3998283018868,8.509435031446541,32.698113207547166,71.91509433962264,1.8113207547169812,98.69496855345912,3346.85534591195,60.698113207547166
313,sq9-18,47.39946353383459,8.514460413533834,10.496240601503759,29.161654135338345,2.0789473684210527,145.6203007518797,3065.1503759398497,53.015037593984964
314,sq9-19,47.39930443548387,8.519363588709677,5.745967741935484,12.866935483870968,2.0,128.16532258064515,2829.657258064516,55.48790322580645
315,sq9-20,47.39924663461539,8.524036778846154,7.826923076923077,25.21153846153846,2.048076923076923,193.29326923076923,2643.1971153846152,56.42788461538461
316,sq9-21,47.39936636771301,8.52977529147982,5.506726457399103,13.757847533632287,1.5426008968609866,168.02690582959642,2487.7354260089687,60.690582959641254
317,sq9-22,47.39990181818182,8.534341454545455,28.78787878787879,65.05454545454545,1.0,144.9090909090909,2458.8636363636365,62.59090909090909
318,sq9-23,47.3999294117647,8.539334558823528,51.59411764705882,96.9735294117647,1.2588235294117647,244.16176470588235,2423.735294117647,55.26470588235294
319,sq9-24,47.40021582491582,8.544277138047137,37.48148148148148,71.21548821548822,1.0,168.8047138047138,2473.080808080808,62.053872053872055
320,sq9-25,47.39998393939394,8.549247090909091,14.457575757575757,33.03030303030303,1.4606060606060607,274.0151515151515,2522.818181818182,63.263636363636365
321,sq9-26,47.40004788732394,8.553905211267606,18.112676056338028,33.11971830985915,1.545774647887324,283.7676056338028,2645.845070422535,51.147887323943664
322,sq9-27,47.3997393442623,8.559623606557377,0.0,0.0,2.4918032786885247,515.327868852459,2816.1475409836066,50.39344262295082
323,sq9-28,47.40201153846154,8.56540423076923,0.9230769230769231,0.9230769230769231,2.076923076923077,155.76923076923077,3264.0384615384614,51.65384615384615
324,sq9-29,47.40138787878789,8.569613560606061,5.242424242424242,9.151515151515152,1.9772727272727273,233.03030303030303,3407.7651515151515,45.54545454545455
325,sq9-30,47.40043534482759,8.573746120689655,1.1120689655172413,1.8448275862068966,2.439655172413793,381.6594827586207,3543.9224137931033,43.75
326,sq9-31,47.40017142857143,8.579168607142858,3.1714285714285713,6.271428571428571,2.392857142857143,255.07142857142858,3829.214285714286,44.35357142857143
327,sq9-32,47.39990686567164,8.584047044776119,34.18208955223881,75.45671641791044,2.182089552238806,201.8507462686567,4102.522388059701,49.582089552238806
328,sq9-33,47.39982362204724,8.589161522309713,41.38320209973753,91.7007874015748,2.0078740157480315,148.6745406824147,4414.698162729659,52.27821522309711
329,sq9-34,47.399788328912464,8.593422652519893,18.381962864721487,40.6631299734748,1.7480106100795756,202.58620689655172,4684.429708222811,52.84084880636605
330,sq9-35,47.39974763636364,8.599250763636363,4.858181818181818,10.530909090909091,1.8581818181818182,190.74545454545455,5064.781818181818,49.89818181818182
331,sq9-36,47.39988851963746,8.603902235649548,3.0574018126888216,6.0,2.323262839879154,144.68277945619334,5383.912386706948,53.88821752265861
332,sq9-37,47.399915335463255,8.608719201277955,22.31629392971246,53.00638977635783,2.4920127795527156,159.1373801916933,5712.460063897764,55.27476038338658
333,sq10-1,47.403666666666666,8.430102285714286,0.2857142857142857,0.3619047619047619,2.1142857142857143,762.7142857142857,8780.761904761905,48.44761904761905
334,sq10-2,47.40421632653061,8.436191224489797,0.0,0.0,2.326530612244898,752.3469387755102,8369.489795918367,55.142857142857146
335,sq10-3,47.40490225080385,8.43979803858521,6.051446945337621,14.347266881028938,2.707395498392283,605.5787781350482,8141.189710610933,49.39871382636656
336,sq10-4,47.404687867647056,8.444738235294118,21.05514705882353,52.529411764705884,3.3713235294117645,247.44485294117646,7786.121323529412,47.216911764705884
337,sq10-5,47.40499561128527,8.449575705329153,15.978056426332289,35.122257053291534,3.090909090909091,170.83072100313478,7463.166144200627,54.22257053291536
338,sq10-6,47.405790476190475,8.454257959183673,0.9183673469387755,1.7346938775510203,3.63265306122449,418.46938775510205,7177.789115646258,61.802721088435376
339,sq10-7,47.40491614906831,8.459751428571428,9.4472049689441,22.02173913043478,3.6180124223602483,393.95962732919253,6762.406832298137,60.17701863354037
340,sq10-8,47.40498102409638,8.464573554216866,3.8825301204819276,8.960843373493976,3.602409638554217,294.2620481927711,6440.707831325301,60.15963855421687
341,sq10-9,47.40503126934985,8.469588606811145,15.91950464396285,36.79876160990712,3.346749226006192,267.0278637770898,6110.402476780186,57.34674922600619
342,sq10-10,47.40528882978724,8.474963617021276,26.909574468085108,54.87234042553192,2.49468085106383,181.28989361702128,5774.70744680851,53.598404255319146
343,sq10-11,47.405043768996954,8.479439027355623,24.237082066869302,45.94528875379939,1.3009118541033435,219.74164133738603,5474.483282674772,55.62613981762918
344,sq10-12,47.40491730205278,8.484595337243402,34.9208211143695,68.92961876832844,1.099706744868035,168.98826979472142,5145.527859237537,51.442815249266864
345,sq10-13,47.404972861356924,8.489526843657817,38.71386430678466,68.77286135693215,1.3569321533923304,151.60766961651916,4850.855457227139,50.88790560471976
346,sq10-14,47.4049942942943,8.49453993993994,55.85585585585586,104.41741741741741,1.5375375375375375,100.51051051051051,4559.204204204204,51.054054054054056
347,sq10-15,47.40476600660067,8.499424785478547,36.726072607260726,72.56435643564356,1.5148514851485149,187.2937293729373,4268.861386138614,48.76897689768977
348,sq10-16,47.40482604501608,8.50451231511254,12.733118971061094,25.829581993569132,1.0096463022508038,170.36977491961414,4006.2379421221863,57.68488745980707
349,sq10-17,47.40541965317919,8.508943930635839,0.3468208092485549,0.4161849710982659,1.4682080924855492,242.9479768786127,3843.64161849711,43.95375722543353
350,sq10-18,47.40385333333333,8.515388000000002,0.9142857142857143,1.2190476190476192,3.2857142857142856,459.8095238095238,3415.6666666666665,34.25714285714286
351,sq10-19,47.40511428571429,8.51855876190476,0.9142857142857143,0.9142857142857143,3.6857142857142855,536.5238095238095,3413.6666666666665,30.742857142857144
352,sq10-20,47.40546220472441,8.52515251968504,4.283464566929134,7.559055118110236,3.015748031496063,223.11023622047244,3242.4409448818897,46.62992125984252
353,sq10-21,47.405212612612615,8.529975945945946,6.990990990990991,19.26126126126126,2.0855855855855854,103.73873873873873,3105.9234234234236,60.65765765765766
354,sq10-22,47.40494518950437,8.534457696793003,39.41399416909621,81.12244897959184,1.58600583090379,147.2594752186589,3010.524781341108,58.12244897959184
355,sq10-23,47.40498925373134,8.539389701492537,24.023880597014927,46.79402985074627,1.6656716417910449,209.7462686567164,2985.402985074627,50.3044776119403
356,sq10-24,47.404977575757584,8.544382878787879,31.66060606060606,62.527272727272724,1.4484848484848485,277.2121212121212,2999.621212121212,46.839393939393936
357,sq10-25,47.40493272727273,8.549350484848485,69.14848484848486,123.87878787878788,1.0,121.8030303030303,3056.9848484848485,59.49090909090909
358,sq10-26,47.40489759036144,8.554331325301204,47.8644578313253,86.87951807228916,1.3373493975903614,155.03012048192772,3160.0451807228915,59.424698795180724
359,sq10-27,47.404962099125356,8.559275335276968,42.96209912536443,91.59766763848397,1.1370262390670554,184.3148688046647,3311.3119533527697,61.61807580174927
360,sq10-28,47.405040184049085,8.564268496932515,38.9079754601227,76.42331288343559,1.177914110429448,124.75460122699387,3499.4171779141107,63.89877300613497
361,sq10-29,47.40496212121212,8.569225272727273,41.50909090909091,79.34545454545454,1.2333333333333334,103.53030303030303,3701.6666666666665,54.03939393939394
362,sq10-30,47.40491575757576,8.57419293939394,47.03636363636364,88.15757575757576,1.406060606060606,137.83333333333334,3930.8636363636365,52.915151515151514
363,sq10-31,47.40491661721068,8.579189020771514,59.57566765578635,118.0326409495549,2.00593471810089,149.73293768545994,4186.973293768546,54.48367952522255
364,sq10-32,47.404966470588235,8.584106764705881,54.12352941176471,128.5264705882353,1.4823529411764707,184.86764705882354,4459.279411764706,52.97941176470588
365,sq10-33,47.40498328267477,8.589092978723405,38.26747720364742,84.54103343465046,1.2006079027355623,158.5258358662614,4747.689969604863,54.319148936170215
366,sq10-34,47.40502888198758,8.594304130434782,8.84472049689441,16.944099378881987,1.5869565217391304,146.92546583850933,5063.0590062111805,65.1024844720497
367,sq10-35,47.40484097859327,8.59878489296636,5.577981651376147,10.568807339449542,2.8073394495412844,193.27217125382262,5327.782874617737,72.20795107033639
368,sq10-36,47.40429903846154,8.603479375,6.350961538461538,10.79326923076923,3.0,132.47596153846155,5592.9567307692305,67.24038461538461
369,sq10-37,47.40450572687225,8.609182599118943,4.797356828193832,8.79295154185022,3.2775330396475773,270.1321585903084,5958.656387665198,59.00440528634361
370,sq11-1,47.40891111111112,8.429343333333334,0.0,0.0,2.0,1042.7777777777778,9037.777777777777,54.47222222222222
371,sq11-2,47.40839999999999,8.436736785714286,2.142857142857143,9.857142857142858,2.0,857.5,8501.607142857143,62.035714285714285
372,sq11-3,47.4099968641115,8.439860662020905,5.56794425087108,12.885017421602788,2.0905923344947737,609.1637630662021,8360.400696864112,60.745644599303134
373,sq11-4,47.410226865671646,8.444693171641791,10.417910447761194,25.473880597014926,3.537313432835821,299.25373134328356,8042.350746268657,59.917910447761194
374,sq11-5,47.40999235880398,8.449622093023256,13.382059800664452,30.614617940199334,3.0199335548172757,132.67441860465115,7698.853820598007,62.69435215946844
375,sq11-6,47.409961470588236,8.45474194117647,30.538235294117648,61.726470588235294,3.3411764705882354,244.14705882352942,7356.161764705882,59.508823529411764
376,sq11-7,47.40998690476191,8.459656339285713,42.973214285714285,87.58035714285714,3.056547619047619,166.42857142857142,7034.389880952381,53.76190476190476
377,sq11-8,47.40996073619632,8.464630153374234,15.076687116564417,33.0521472392638,3.263803680981595,217.19325153374234,6711.058282208589,50.012269938650306
378,sq11-9,47.40934910714286,8.469203392857143,5.848214285714286,13.991071428571429,3.4027149321266967,269.95535714285717,6382.34375,44.986607142857146
379,sq11-10,47.40901538461539,8.474496730769232,3.2948717948717947,5.647435897435898,2.769230769230769,312.59615384615387,6030.929487179487,47.19230769230769
380,sq11-11,47.40990395136778,8.479639878419453,11.987841945288753,23.10030395136778,1.6838905775075987,165.77507598784194,5776.519756838906,57.78419452887538
381,sq11-12,47.40997499999999,8.484493035714285,30.714285714285715,64.21428571428571,1.4136904761904763,175.83333333333334,5495.372023809524,49.67559523809524
382,sq11-13,47.409681754385964,8.489605859649123,7.821052631578947,16.550877192982455,2.1824561403508773,214.43859649122808,5183.666666666667,46.27719298245614
383,sq11-14,47.40944557522124,8.494188185840708,6.238938053097345,12.610619469026549,2.9690265486725664,153.53982300884957,4915.154867256637,38.33185840707964
384,sq11-15,47.409719047619035,8.498991547619047,0.40476190476190477,0.5,3.25,204.58333333333334,4690.416666666667,42.45238095238095
385,sq11-16,47.4100623655914,8.505457634408602,1.4731182795698925,3.182795698924731,1.39247311827957,248.33333333333334,4412.3387096774195,56.5
386,sq11-17,47.40998690476191,8.509346041666666,5.875,13.523809523809524,1.3571428571428572,144.73214285714286,4236.919642857143,44.73809523809524
387,sq11-18,47.41087692307692,8.51385,20.46153846153846,54.120879120879124,1.989010989010989,178.48901098901098,4146.923076923077,47.60989010989011
388,sq11-19,47.41096864864864,8.519611621621621,3.891891891891892,9.913513513513514,1.664864864864865,250.45945945945945,3964.6216216216217,42.545945945945945
389,sq11-20,47.41005475409836,8.524406983606557,33.77049180327869,65.5016393442623,1.3672131147540985,119.27868852459017,3741.6065573770493,54.87540983606557
390,sq11-21,47.40994231884058,8.529271652173913,36.92173913043478,71.87826086956522,1.8057971014492753,176.40579710144928,3629.3478260869565,54.74202898550725
391,sq11-22,47.40999134328358,8.534245313432836,41.94925373134328,96.85074626865672,1.8208955223880596,166.34328358208955,3567.9701492537315,50.46268656716418
392,sq11-23,47.40997333333333,8.539246575757577,28.006060606060608,56.096969696969694,1.0212121212121212,158.1969696969697,3539.6969696969695,54.13333333333333
393,sq11-24,47.40991681681682,8.544237627627629,44.087087087087085,76.32732732732732,1.0,149.6096096096096,3544.93993993994,52.8948948948949
394,sq11-25,47.4099003003003,8.549245165165164,39.2042042042042,75.82882882882883,1.009009009009009,134.63963963963963,3595.6606606606606,54.85885885885886
395,sq11-26,47.4099528901734,8.554202052023122,28.728323699421967,60.13583815028902,1.6011560693641618,175.52023121387282,3690.7947976878613,48.459537572254334
396,sq11-27,47.41000662650602,8.559213734939759,41.69578313253012,97.71686746987952,1.9819277108433735,170.8132530120482,3822.078313253012,51.036144578313255
397,sq11-28,47.409958912386706,8.56420407854985,38.62537764350453,85.67069486404834,1.8187311178247734,119.3202416918429,3974.138972809668,55.34138972809668
398,sq11-29,47.40991385542169,8.569194728915662,31.686746987951807,68.81927710843374,2.0,157.86144578313252,4146.144578313253,65.07228915662651
399,sq11-30,47.410070855614975,8.574150401069518,17.823529411764707,37.04812834224599,2.125668449197861,179.9866310160428,4333.917112299465,68.0187165775401
400,sq11-31,47.409845679012335,8.579301759259259,29.891975308641975,69.54629629629629,2.802469135802469,196.34259259259258,4519.398148148148,69.65123456790124
401,sq11-32,47.40960366492147,8.584135392670158,26.670157068062828,62.890052356020945,1.6910994764397906,239.76439790575915,4682.486910994764,69.75916230366492
402,sq11-33,47.41007119205298,8.589218774834437,8.609271523178808,16.75496688741722,1.533112582781457,282.6655629139073,4886.705298013245,62.25165562913907
403,sq11-34,47.40988327868853,8.594045606557376,11.721311475409836,25.445901639344264,1.5737704918032787,155.78688524590163,5086.786885245901,55.868852459016395
404,sq11-35,47.40995101449275,8.599130898550724,21.742028985507247,46.70434782608696,2.5159420289855072,122.15942028985508,5282.246376811594,61.75942028985507
405,sq11-36,47.41008080495356,8.604074272445821,23.204334365325078,54.030959752321984,3.0371517027863777,138.77708978328172,5478.049535603715,63.31269349845201
406,sq11-37,47.410462790697665,8.608540046511626,12.78139534883721,32.85581395348837,3.4465116279069767,165.5581395348837,5644.790697674419,62.65581395348837
407,sq12-1,47.416450000000005,8.430057727272727,0.13636363636363635,0.13636363636363635,3.25,242.2159090909091,9339.03409090909,58.79545454545455
408,sq12-2,47.41594140625,8.4347971875,1.3828125,2.4140625,3.140625,375.9765625,8996.40625,60.8984375
409,sq12-3,47.41505899280576,8.440218525179855,8.183453237410072,18.075539568345324,3.1258992805755397,276.294964028777,8589.406474820144,61.69064748201439
410,sq12-4,47.41488242424243,8.444868757575756,21.03030303030303,43.527272727272724,3.690909090909091,150.83333333333334,8273.075757575758,54.333333333333336
411,sq12-5,47.41484,8.449837303030304,13.709090909090909,30.151515151515152,3.278787878787879,196.77272727272728,7946.575757575758,53.66969696969697
412,sq12-6,47.414717543859645,8.454591649122806,9.950877192982457,24.364912280701756,3.528735632183908,317.1578947368421,7633.263157894737,46.319298245614036
413,sq12-7,47.414303030303024,8.459683982683984,11.688311688311689,25.541125541125542,3.828025477707006,447.9220779220779,7285.04329004329,42.103896103896105
414,sq12-8,47.413390434782606,8.464628260869565,5.113043478260869,12.217391304347826,4.0,492.6521739130435,6918.391304347826,40.947826086956525
415,sq12-9,47.415667391304346,8.469702391304349,0.9782608695652174,1.3043478260869565,3.9069767441860463,618.4782608695652,6761.521739130435,33.82608695652174
416,sq12-10,47.41485977443609,8.475051015037593,18.030075187969924,43.21804511278196,2.180451127819549,269.5864661654135,6389.9060150375935,38.921052631578945
417,sq12-11,47.41488899371069,8.479635849056603,46.37106918238994,108.70440251572327,1.0974842767295598,149.65408805031447,6129.591194968553,52.723270440251575
418,sq12-12,47.41470950226244,8.484160180995476,8.76923076923077,20.60633484162896,1.330316742081448,174.25339366515837,5865.52036199095,57.977375565610856
419,sq12-13,47.41644285714286,8.4874,0.0,0.0,2.857142857142857,344.2857142857143,5830.0,43.57142857142857
420,sq12-14,47.41706153846154,8.496262307692307,0.0,0.0,4.0,618.8461538461538,5451.153846153846,41.23076923076923
421,sq12-15,47.416705172413785,8.500208448275862,6.103448275862069,12.620689655172415,2.7241379310344827,475.2586206896552,5241.896551724138,43.39655172413793
422,sq12-16,47.41511782178218,8.505098316831683,13.821782178217822,31.292079207920793,2.217821782178218,225.84158415841586,4889.183168316832,54.68811881188119
423,sq12-17,47.41494539877301,8.509494754601228,48.52147239263804,105.68711656441718,1.5276073619631902,133.8957055214724,4701.319018404908,49.622699386503065
424,sq12-18,47.41493212121212,8.514441454545455,46.86060606060606,98.43030303030304,1.1454545454545455,165.57575757575756,4527.242424242424,51.96666666666667
425,sq12-19,47.414360483870965,8.519156169354838,13.919354838709678,29.39516129032258,1.0725806451612903,145.06048387096774,4326.814516129032,57.895161290322584
426,sq12-20,47.41465993265993,8.524574377104377,22.141414141414142,49.83838383838384,1.5656565656565657,162.35690235690237,4226.397306397306,51.61952861952862
427,sq12-21,47.414894936708855,8.529341708860759,39.620253164556964,87.41772151898734,2.1297468354430378,156.28164556962025,4165.949367088608,53.787974683544306
428,sq12-22,47.414959574468085,8.534327021276596,16.76595744680851,43.349544072948326,1.4893617021276595,114.0273556231003,4101.170212765957,53.77203647416413
429,sq12-23,47.414922424242434,8.539288424242425,37.696969696969695,91.93939393939394,1.0,108.56060606060606,4041.318181818182,53.74242424242424
430,sq12-24,47.41487272727273,8.54425706060606,55.46363636363636,104.32727272727273,1.0,122.68181818181819,3994.6666666666665,57.02424242424242
431,sq12-25,47.41501821305842,8.549064398625429,24.63573883161512,55.25085910652921,1.006872852233677,168.213058419244,3959.2955326460483,51.11340206185567
432,sq12-26,47.4149246835443,8.554230601265823,12.050632911392405,21.658227848101266,1.2025316455696202,137.35759493670886,3944.9050632911394,49.063291139240505
433,sq12-27,47.41524902439024,8.55937924390244,12.41219512195122,31.51951219512195,1.6097560975609757,164.0731707317073,3899.743902439024,47.12926829268293
434,sq12-28,47.41492132132132,8.56385933933934,4.54054054054054,12.42042042042042,1.5675675675675675,161.05105105105105,3939.57957957958,56.327327327327325
435,sq12-29,47.414975071633236,8.569028739255014,16.48137535816619,57.31805157593123,1.3724928366762177,170.78796561604585,3964.541547277937,56.85959885386819
436,sq12-30,47.41482454308093,8.573877258485641,1.629242819843342,4.992167101827676,2.289817232375979,219.21671018276763,4044.960835509138,68.72323759791122
437,sq12-31,47.4149617554859,8.579074420062694,9.072100313479623,25.66771159874608,2.3072100313479624,218.76175548589342,4132.993730407524,57.54858934169279
438,sq12-32,47.41497384615385,8.58404046153846,18.28,40.16,2.144615384615385,165.44615384615383,4262.030769230769,58.69230769230769
439,sq12-33,47.414886060606065,8.588982666666666,35.233333333333334,67.62424242424242,1.7787878787878788,122.95454545454545,4427.893939393939,57.31818181818182
440,sq12-34,47.41483848484849,8.593951181818182,22.490909090909092,49.193939393939395,1.5636363636363637,101.01515151515152,4615.469696969697,57.47575757575758
441,sq12-35,47.414900317460315,8.598921968253968,31.885714285714286,67.86349206349206,2.7587301587301587,95.4920634920635,4815.888888888889,55.4
442,sq12-36,47.41464390243903,8.603775052264808,15.069686411149826,35.97212543554007,3.867595818815331,128.01393728222996,5056.550522648084,51.038327526132406
443,sq12-37,47.414497265624995,8.6086619921875,5.90234375,12.640625,3.98046875,179.39453125,5304.765625,46.90625
444,sq13-1,47.41939955555556,8.430459911111111,7.306666666666667,17.915555555555557,3.0933333333333333,186.26666666666668,9466.866666666667,54.22222222222222
445,sq13-2,47.41989909909909,8.434732312312311,14.67867867867868,34.546546546546544,3.084084084084084,182.65765765765767,9214.039039039038,52.98198198198198
446,sq13-3,47.41986545454545,8.43972706060606,12.090909090909092,28.336363636363636,3.3974763406940065,261.77272727272725,8888.530303030304,51.018181818181816
447,sq13-4,47.41951152416357,8.444486877323419,2.137546468401487,5.007434944237918,3.847058823529412,385.0557620817844,8562.360594795538,52.32342007434944
448,sq13-5,47.41842222222222,8.449397333333332,0.2,0.2,4.0,466.74074074074076,8184.666666666667,51.65925925925926
449,sq13-6,47.41755,8.453004,2.7,7.2,0.01,533.5,7904.0,46.6
450,sq13-7,,,,,0.01,,,
451,sq13-8,,,,,0.01,,,
452,sq13-9,,,,,0.01,,,
453,sq13-10,47.42005714285714,8.476772857142858,0.0,0.0,3.142857142857143,493.57142857142856,6681.428571428572,49.0
454,sq13-11,47.419793548387105,8.480002096774191,0.1935483870967742,0.1935483870967742,2.903225806451613,366.53225806451616,6486.935483870968,58.774193548387096
455,sq13-12,47.417984375,8.482976875,0.0,0.0,2.125,79.375,6183.125,67.96875
456,sq13-13,47.4222,8.49173,0.0,0.0,3.0,410.0,6115.0,55.0
457,sq13-14,47.42052949640287,8.495504100719423,11.352517985611511,18.446043165467625,2.856115107913669,361.978417266187,5793.1654676258995,48.81294964028777
458,sq13-15,47.419894871794874,8.499651185897436,41.50320512820513,96.90384615384616,2.2435897435897436,253.30128205128204,5548.573717948718,50.342948717948715
459,sq13-16,47.41985449275362,8.504600231884057,55.6231884057971,123.29565217391304,1.2956521739130435,165.95652173913044,5315.144927536232,53.26086956521739
460,sq13-17,47.41989371257485,8.509549999999999,33.796407185628745,67.9880239520958,1.473053892215569,147.88922155688624,5093.368263473054,51.39820359281437
461,sq13-18,47.41964106463879,8.514157490494297,18.372623574144487,43.163498098859314,2.178707224334601,330.6653992395437,4888.8403041825095,46.125475285171106
462,sq13-19,47.41798604651163,8.518340465116278,0.0,0.0,2.0697674418604652,348.83720930232556,4724.069767441861,37.325581395348834
463,sq13-20,47.41989615384615,8.525864230769232,0.9230769230769231,1.5384615384615385,3.769230769230769,328.46153846153845,4336.7307692307695,41.34615384615385
464,sq13-21,47.41880224719101,8.529775505617977,0.0,0.0,3.056179775280899,321.23595505617976,4273.76404494382,44.550561797752806
465,sq13-22,47.419724334600765,8.534664866920153,10.29657794676806,23.20152091254753,1.8136882129277567,149.1254752851711,3988.745247148289,49.17490494296578
466,sq13-23,47.41986606060607,8.539390757575758,31.775757575757577,63.981818181818184,1.1606060606060606,134.4848484848485,3800.8030303030305,49.9969696969697
467,sq13-24,47.419821818181816,8.544359666666667,30.8969696969697,59.69090909090909,1.4090909090909092,152.28787878787878,3651.1363636363635,51.85757575757576
468,sq13-25,47.41980895522388,8.549354358208955,39.61492537313433,80.54925373134328,1.0059701492537314,147.49253731343285,3530.3880597014927,52.51044776119403
469,sq13-26,47.42005331858407,8.554477367256638,9.730088495575222,17.763274336283185,1.0575221238938053,187.51106194690266,3417.511061946903,42.674778761061944
470,sq13-27,47.41913679245284,8.558650817610063,0.4528301886792453,0.5,1.0,137.51572327044025,3479.3081761006288,52.59119496855346
471,sq13-28,47.419716666666666,8.565109166666666,4.976190476190476,9.351190476190476,1.625,232.97619047619048,3411.3690476190477,52.208333333333336
472,sq13-29,47.41949221411192,8.569241849148419,0.11678832116788321,0.11678832116788321,1.7712895377128954,306.7761557177616,3470.0121654501218,57.90267639902677
473,sq13-30,47.4190972027972,8.57314888111888,0.0,0.0,2.3286713286713288,370.87412587412587,3569.4405594405594,65.74825174825175
474,sq13-31,47.41952091836735,8.5792018877551,21.459183673469386,55.55102040816327,2.811224489795918,162.80612244897958,3657.5,58.744897959183675
475,sq13-32,47.41977000000001,8.58424758064516,14.990322580645161,37.274193548387096,3.503448275862069,186.6290322580645,3782.7419354838707,51.60967741935484
476,sq13-33,47.41983515151515,8.589089454545455,13.251515151515152,33.660606060606064,3.5730337078651684,162.0151515151515,3950.7272727272725,47.83030303030303
477,sq13-34,47.41967763578274,8.594071948881789,15.533546325878595,32.97124600638978,3.5590277777777777,179.44089456869008,4171.11821086262,50.01277955271566
478,sq13-35,47.41984695652174,8.599029768115942,33.402898550724636,69.4231884057971,3.8927536231884057,141.3913043478261,4382.028985507246,53.72753623188406
479,sq13-36,47.420115306122455,8.603911020408164,8.503401360544217,19.034013605442176,4.0,324.8469387755102,4601.632653061224,50.95918367346939
480,sq13-37,47.42090342465753,8.609374109589043,1.917808219178082,4.109589041095891,3.541095890410959,278.86986301369865,4831.986301369863,61.26027397260274
481,sq14-1,47.424353164556955,8.431403924050635,1.0253164556962024,1.5949367088607596,4.0,567.0253164556962,9684.430379746835,46.41772151898734
482,sq14-2,47.4246187250996,8.434429681274901,2.135458167330677,4.9760956175298805,4.0,568.7649402390439,9508.067729083665,55.62948207171315
483,sq14-3,47.42496056338028,8.439907042253521,1.2183098591549295,2.8943661971830985,4.0,741.9718309859155,9186.091549295774,55.2887323943662
484,sq14-4,47.42384137931034,8.443318448275862,0.0,0.0,0.01,739.9137931034483,8902.5,50.275862068965516
485,sq14-5,47.426175,8.4516015,0.9,1.2,0.01,913.625,8555.75,55.925
486,sq14-6,47.42588300653595,8.45441751633987,0.23529411764705882,0.26143790849673204,0.01,785.5555555555555,8370.45751633987,58.07843137254902
487,sq14-7,47.426388392857135,8.459778571428572,0.6517857142857143,1.1875,4.0,558.75,8094.732142857143,57.205357142857146
488,sq14-8,47.42661521739128,8.464594130434785,10.391304347826088,24.08695652173913,3.2934782608695654,449.94565217391306,7810.271739130435,53.65217391304348
489,sq14-9,47.42648333333333,8.469826960784314,9.068627450980392,21.215686274509803,2.5686274509803924,178.72549019607843,7456.029411764706,61.01960784313726
490,sq14-10,47.42562587064677,8.474661641791046,7.4278606965174125,17.313432835820894,3.6595744680851063,214.40298507462686,7128.20895522388,60.56716417910448
491,sq14-11,47.42433951612904,8.479061774193548,0.2903225806451613,0.2903225806451613,4.0,557.016129032258,6817.137096774193,60.653225806451616
492,sq14-12,47.42470161290322,8.483833387096771,1.064516129032258,1.2903225806451613,4.0,768.2258064516129,6556.612903225807,67.86290322580645
493,sq14-13,47.42395396825396,8.489238571428572,0.38095238095238093,0.6349206349206349,3.7142857142857144,568.3333333333334,6237.420634920635,63.29365079365079
494,sq14-14,47.42418143459916,8.494684261603375,20.72151898734177,46.77215189873418,2.1561181434599157,199.76793248945148,5865.9282700421945,62.81856540084388
495,sq14-15,47.42450821917808,8.499312020547945,47.59931506849315,110.46575342465754,2.308219178082192,115.54794520547945,5547.448630136986,59.23972602739726
496,sq14-16,47.42478517350158,8.504441577287066,25.8801261829653,68.26813880126183,2.810725552050473,168.596214511041,5203.564668769716,49.96214511041009
497,sq14-17,47.424829629629635,8.509319351851852,19.34567901234568,44.09567901234568,2.265432098765432,136.09567901234567,4897.515432098766,54.71296296296296
498,sq14-18,47.42455789473684,8.514233578947369,19.13684210526316,55.164912280701756,2.287719298245614,224.28070175438597,4618.912280701755,48.084210526315786
499,sq14-19,47.424264171123,8.519194598930481,18.481283422459892,46.01069518716577,3.6844919786096257,167.0855614973262,4351.604278074867,45.1764705882353
500,sq14-20,47.424111940298516,8.524321890547263,18.945273631840795,44.11940298507463,4.0,133.28358208955223,4084.3034825870645,45.3681592039801
501,sq14-21,47.42353333333333,8.527096666666665,0.0,0.0,4.0,176.11111111111111,3985.5555555555557,46.77777777777778
502,sq14-22,47.425075980392165,8.535169607843136,30.176470588235293,78.87254901960785,1.8186274509803921,176.39705882352942,3473.651960784314,50.03431372549019
503,sq14-23,47.42481636363636,8.539297272727273,42.057575757575755,88.05454545454545,1.5636363636363637,199.21212121212122,3324.0757575757575,52.96666666666667
504,sq14-24,47.42481061946903,8.544313805309734,37.28613569321534,90.42477876106194,1.9498525073746313,172.12389380530973,3143.9970501474927,54.51622418879056
505,sq14-25,47.42487117647059,8.549249852941175,43.305882352941175,90.69705882352942,1.6176470588235294,152.0441176470588,2996.8088235294117,53.8235294117647
506,sq14-26,47.42488712871287,8.55437293069307,44.13465346534653,80.78613861386138,1.9287128712871286,174.75247524752476,2890.90099009901,54.18217821782178
507,sq14-27,47.42513,8.558936285714285,11.55,24.25,1.1285714285714286,164.76785714285714,2814.0714285714284,56.875
508,sq14-28,47.42520597609561,8.563971832669322,39.69322709163347,79.7410358565737,1.5298804780876494,149.5019920318725,2797.9083665338644,63.47808764940239
509,sq14-29,47.42510947368421,8.569544912280703,13.021052631578947,37.50526315789474,3.1228070175438596,282.140350877193,2858.3859649122805,68.85964912280701
510,sq14-30,47.425111295681056,8.574359202657808,26.803986710963454,64.10963455149502,3.0033222591362128,143.02325581395348,2950.332225913621,67.53156146179403
511,sq14-31,47.42495356037152,8.57916904024768,15.31578947368421,37.72755417956656,3.634674922600619,96.671826625387,3098.2507739938083,51.021671826625386
512,sq14-32,47.424403125000005,8.583366927083333,5.953125,15.1875,4.0,161.74479166666666,3293.984375,45.46875
513,sq14-33,47.423076344086006,8.589212795698925,1.7096774193548387,3.0,0.01,404.78494623655916,3650.1612903225805,38.913978494623656
514,sq14-34,47.423611999999984,8.594563533333336,7.76,14.633333333333333,4.0,366.93333333333334,3844.7,34.873333333333335
515,sq14-35,47.42402099447514,8.598761878453038,16.19889502762431,29.845303867403317,4.0,152.0718232044199,4018.8674033149173,45.93922651933702
516,sq14-36,47.424637762237765,8.60485993006993,4.538461538461538,7.335664335664336,4.0,232.97202797202797,4303.146853146854,59.27272727272727
517,sq14-37,47.42468963210702,8.609032943143813,6.688963210702341,18.301003344481604,3.875,156.15384615384616,4538.963210702341,55.22742474916388
518,sq15-1,47.42892857142857,8.429052040816327,1.163265306122449,1.653061224489796,0.01,1103.061224489796,10110.102040816326,37.97959183673469
519,sq15-2,,,,,0.01,,,
520,sq15-3,47.42752222222222,8.439751666666666,1.3333333333333333,1.3333333333333333,0.01,983.0555555555555,9357.777777777777,49.27777777777778
521,sq15-4,,,,,0.01,,,
522,sq15-5,47.42984842105263,8.450181789473685,0.0,0.0,0.01,851.421052631579,8738.157894736842,41.73684210526316
523,sq15-6,47.430443617021275,8.455187340425534,0.2553191489361702,0.46808510638297873,4.0,479.49468085106383,8371.010638297872,46.787234042553195
524,sq15-7,47.42984570552148,8.459759938650306,10.723926380368098,23.742331288343557,3.588957055214724,237.91411042944785,8057.852760736197,53.45705521472393
525,sq15-8,47.429773636363635,8.464701848484848,30.56969696969697,64.54545454545455,2.2363636363636363,203.96969696969697,7703.393939393939,54.13939393939394
526,sq15-9,47.429740121580544,8.469664924012159,41.24924012158055,87.12462006079028,2.0790273556231003,115.2887537993921,7348.009118541034,54.82674772036474
527,sq15-10,47.42972,8.474261307692307,22.05,49.753846153846155,2.9923076923076923,201.03846153846155,7020.096153846154,49.09230769230769
528,sq15-11,47.4289156626506,8.480120602409638,5.469879518072289,12.048192771084338,4.0,537.5602409638554,6634.608433734939,50.81325301204819
529,sq15-12,47.43047033898306,8.483680084745762,1.2542372881355932,2.847457627118644,4.0,842.8813559322034,6322.627118644068,60.63559322033898
530,sq15-13,47.42890545454545,8.489805818181818,0.509090909090909,0.509090909090909,4.0,729.6969696969697,5959.060606060606,65.43030303030304
531,sq15-14,47.42919791666667,8.4928375,0.25,0.25,4.0,576.3541666666666,5736.770833333333,56.208333333333336
532,sq15-15,,,,,0.01,,,
533,sq15-16,47.42775789473684,8.506085263157894,0.0,0.0,4.0,340.2631578947368,4920.789473684211,66.10526315789474
534,sq15-17,47.42864571428572,8.509885214285713,0.34285714285714286,0.34285714285714286,3.4642857142857144,349.42857142857144,4625.642857142857,67.12142857142857
535,sq15-18,47.42884999999999,8.514220368421052,0.0,0.0,3.5894736842105264,500.1578947368421,4338.605263157895,59.05789473684211
536,sq15-19,47.4289144654088,8.51884641509434,1.2075471698113207,2.1132075471698113,4.0,592.1069182389937,4048.364779874214,51.84276729559748
537,sq15-20,,,,,0.01,,,
538,sq15-21,47.4309594936709,8.529657215189873,0.6075949367088608,1.0126582278481013,3.7848101265822787,574.4303797468355,3266.4556962025317,56.75949367088607
539,sq15-22,47.42923612903226,8.535060129032257,10.4,28.16774193548387,2.161290322580645,190.51612903225808,3116.4193548387098,57.12903225806452
540,sq15-23,47.42947157534246,8.539259143835617,30.561643835616437,60.06849315068493,2.006849315068493,147.36301369863014,2897.0205479452056,50.821917808219176
541,sq15-24,47.42950449826989,8.544138927335641,57.965397923875436,135.8892733564014,2.0519031141868513,105.79584775086505,2689.2560553633216,57.23529411764706
542,sq15-25,47.429159405940595,8.549240445544555,19.871287128712872,45.366336633663366,2.5396039603960396,308.96039603960395,2550.668316831683,61.07425742574257
543,sq15-26,47.42932659574468,8.554552473404256,20.76595744680851,43.5718085106383,1.9707446808510638,262.0345744680851,2407.300531914894,62.73936170212766
544,sq15-27,47.42934740740741,8.55913862962963,30.288888888888888,63.02962962962963,1.1222222222222222,101.88888888888889,2346.3703703703704,58.67777777777778
545,sq15-28,47.429299629629625,8.564108481481481,50.955555555555556,115.4,1.8037037037037038,121.38888888888889,2344.537037037037,58.614814814814814
546,sq15-29,47.429343190661484,8.569033774319067,16.56420233463035,35.1556420233463,2.945525291828794,172.82101167315176,2390.953307392996,60.17898832684825
547,sq15-30,47.42935428571428,8.57413918367347,14.673469387755102,32.518367346938774,3.0,122.18367346938776,2500.204081632653,62.910204081632656
548,sq15-31,47.429155963302755,8.57869252293578,12.307339449541285,30.68807339449541,3.697247706422018,145.25229357798165,2662.3853211009173,45.92660550458716
549,sq15-32,47.42765714285714,8.581825714285715,1.2857142857142858,1.7142857142857142,4.0,180.0,2920.0,39.0
550,sq15-33,,,,,0.01,,,
551,sq15-34,,,,,0.01,,,
552,sq15-35,47.427653846153845,8.598256153846155,0.0,0.0,0.01,452.3076923076923,3705.0,32.84615384615385
553,sq15-36,47.4274,8.60649,0.0,0.0,0.01,235.0,4200.0,66.0
554,sq15-37,47.427876923076916,8.608533076923077,0.0,0.0,0.01,290.38461538461536,4293.461538461538,57.69230769230769
